url_path,views_total,views_unique
/thorek1/MacroModelling.jl,52,34
/thorek1/MacroModelling.jl/blob/main/README.md,6,5
/thorek1/MacroModelling.jl/tree/main/models,4,4
/thorek1/MacroModelling.jl/blob/main/models/Gali_2015_chapter_3_nonlinear.jl,4,3
/thorek1/MacroModelling.jl/blob/main/models/Gali_2015_chapter_3_obc.jl,4,3
/thorek1/MacroModelling.jl/blob/main/models/RBC_baseline.jl,3,2
/thorek1/MacroModelling.jl/tree/main/docs,3,2
/thorek1/MacroModelling.jl/blob/main/models/Ascari_Sbordone_2014.jl,2,2
/thorek1/MacroModelling.jl/blob/main/models/Smets_Wouters_2003.jl,2,2
/thorek1/MacroModelling.jl/tree/main,2,2
